<?xml version="1.0" encoding="UTF-8"?>
<metadata xml:lang="en"><Esri><CreaDate>20181227</CreaDate><CreaTime>08512300</CreaTime><ArcGISFormat>1.0</ArcGISFormat><SyncOnce>FALSE</SyncOnce><DataProperties><itemProps><itemName Sync="TRUE">2018Precincts_PRELIM</itemName><imsContentType Sync="TRUE">002</imsContentType><itemSize Sync="TRUE">0.000</itemSize><itemLocation><linkage Sync="TRUE">file://\\IT1422\F$\GIS_Data\Precincts\2018_Statewide\2018Precincts_PRELIMCopy</linkage><protocol Sync="TRUE">Local Area Network</protocol></itemLocation></itemProps><coordRef><type Sync="TRUE">Geographic</type><geogcsn Sync="TRUE">GCS_WGS_1984</geogcsn><csUnits Sync="TRUE">Angular Unit: Degree (0.017453)</csUnits><peXml Sync="TRUE">&lt;GeographicCoordinateSystem xsi:type='typens:GeographicCoordinateSystem' xmlns:xsi='http://www.w3.org/2001/XMLSchema-instance' xmlns:xs='http://www.w3.org/2001/XMLSchema' xmlns:typens='http://www.esri.com/schemas/ArcGIS/10.6'&gt;&lt;WKT&gt;GEOGCS[&amp;quot;GCS_WGS_1984&amp;quot;,DATUM[&amp;quot;D_WGS_1984&amp;quot;,SPHEROID[&amp;quot;WGS_1984&amp;quot;,6378137.0,298.257223563]],PRIMEM[&amp;quot;Greenwich&amp;quot;,0.0],UNIT[&amp;quot;Degree&amp;quot;,0.0174532925199433],AUTHORITY[&amp;quot;EPSG&amp;quot;,4326]]&lt;/WKT&gt;&lt;XOrigin&gt;-400&lt;/XOrigin&gt;&lt;YOrigin&gt;-400&lt;/YOrigin&gt;&lt;XYScale&gt;11258999068426.238&lt;/XYScale&gt;&lt;ZOrigin&gt;-100000&lt;/ZOrigin&gt;&lt;ZScale&gt;10000&lt;/ZScale&gt;&lt;MOrigin&gt;-100000&lt;/MOrigin&gt;&lt;MScale&gt;10000&lt;/MScale&gt;&lt;XYTolerance&gt;8.983152841195215e-09&lt;/XYTolerance&gt;&lt;ZTolerance&gt;0.001&lt;/ZTolerance&gt;&lt;MTolerance&gt;0.001&lt;/MTolerance&gt;&lt;HighPrecision&gt;true&lt;/HighPrecision&gt;&lt;LeftLongitude&gt;-180&lt;/LeftLongitude&gt;&lt;WKID&gt;4326&lt;/WKID&gt;&lt;LatestWKID&gt;4326&lt;/LatestWKID&gt;&lt;/GeographicCoordinateSystem&gt;</peXml></coordRef><lineage><Process ToolSource="c:\program files (x86)\arcgis\desktop10.4\ArcToolbox\Toolboxes\Data Management Tools.tbx\CalculateField" Date="20160815" Time="173345">CalculateField PI_Prec_2016 COUNTY "Pierce" VB #</Process><Process ToolSource="c:\program files (x86)\arcgis\desktop10.4\ArcToolbox\Toolboxes\Data Management Tools.tbx\CalculateField" Date="20160815" Time="173355">CalculateField PI_Prec_2016 COUNTYCODE "PI" VB #</Process><Process ToolSource="c:\program files (x86)\arcgis\desktop10.4\ArcToolbox\Toolboxes\Data Management Tools.tbx\CalculateField" Date="20160815" Time="173406">CalculateField PI_Prec_2016 PRECCODE [PRECINCT] VB #</Process><Process ToolSource="c:\program files (x86)\arcgis\desktop10.4\ArcToolbox\Toolboxes\Data Management Tools.tbx\CalculateField" Date="20160815" Time="173416">CalculateField PI_Prec_2016 PRECNAME [NAME] VB #</Process><Process ToolSource="c:\program files (x86)\arcgis\desktop10.4\ArcToolbox\Toolboxes\Data Management Tools.tbx\CalculateField" Date="20160819" Time="162357">CalculateField Statewide_Prec_2016 COUNTY "Adams" VB #</Process><Process ToolSource="c:\program files (x86)\arcgis\desktop10.4\ArcToolbox\Toolboxes\Data Management Tools.tbx\CalculateField" Date="20160819" Time="162423">CalculateField Statewide_Prec_2016 COUNTY "Grays Harbor" VB #</Process><Process ToolSource="c:\program files (x86)\arcgis\desktop10.4\ArcToolbox\Toolboxes\Data Management Tools.tbx\CalculateField" Date="20160819" Time="162502">CalculateField Statewide_Prec_2016 COUNTY "Clallam" VB #</Process><Process ToolSource="c:\program files (x86)\arcgis\desktop10.4\ArcToolbox\Toolboxes\Data Management Tools.tbx\CalculateField" Date="20160819" Time="162542">CalculateField Statewide_Prec_2016 COUNTY "Columbia" VB #</Process><Process ToolSource="c:\program files (x86)\arcgis\desktop10.4\ArcToolbox\Toolboxes\Data Management Tools.tbx\CalculateField" Date="20160819" Time="162608">CalculateField Statewide_Prec_2016 COUNTY "Grays Harbor" VB #</Process><Process ToolSource="c:\program files (x86)\arcgis\desktop10.4\ArcToolbox\Toolboxes\Data Management Tools.tbx\CalculateField" Date="20160819" Time="162705">CalculateField Statewide_Prec_2016 ST_CODE [COUNTYCODE]&amp;RIGHT(100000000+ [PRECCODE],8) VB #</Process><Process ToolSource="c:\program files (x86)\arcgis\desktop10.4\ArcToolbox\Toolboxes\Data Management Tools.tbx\CalculateField" Date="20160930" Time="110228">CalculateField Statewide_Prec_2016 CONGDIST 8 VB #</Process><Process ToolSource="c:\program files (x86)\arcgis\desktop10.4\ArcToolbox\Toolboxes\Data Management Tools.tbx\CalculateField" Date="20160930" Time="110238">CalculateField Statewide_Prec_2016 LEGDIST 13 VB #</Process><Process ToolSource="c:\program files (x86)\arcgis\desktop10.4\ArcToolbox\Toolboxes\Data Management Tools.tbx\CalculateField" Date="20160930" Time="111759">CalculateField Statewide_Prec_2016 LEGDIST 9 VB #</Process><Process ToolSource="c:\program files (x86)\arcgis\desktop10.4\ArcToolbox\Toolboxes\Data Management Tools.tbx\CalculateField" Date="20160930" Time="111805">CalculateField Statewide_Prec_2016 CONGDIST 4 VB #</Process><Process ToolSource="c:\program files (x86)\arcgis\desktop10.4\ArcToolbox\Toolboxes\Data Management Tools.tbx\CalculateField" Date="20160930" Time="160702">CalculateField Statewide_Prec_2016 LEGDIST RIGHT(LEFT( [PRECCODE],3),2) VB #</Process><Process ToolSource="c:\program files (x86)\arcgis\desktop10.4\ArcToolbox\Toolboxes\Data Management Tools.tbx\CalculateField" Date="20160930" Time="160737">CalculateField Statewide_Prec_2016 CONGDIST LEFT( [PRECCODE],1) VB #</Process><Process ToolSource="c:\program files (x86)\arcgis\desktop10.4\ArcToolbox\Toolboxes\Data Management Tools.tbx\CalculateField" Date="20160930" Time="160801">CalculateField Statewide_Prec_2016 CCDIST RIGHT(LEFT( [PRECCODE],4),1) VB #</Process><Process ToolSource="c:\program files (x86)\arcgis\desktop10.4\ArcToolbox\Toolboxes\Data Management Tools.tbx\CalculateField" Date="20160930" Time="165219">CalculateField Statewide_Prec_2016 PRECNAME UCase( [PRECNAME]  ) VB #</Process><Process ToolSource="c:\program files (x86)\arcgis\desktop10.5\ArcToolbox\Toolboxes\Data Management Tools.tbx\Append" Date="20180126" Time="095038">Append F:\GIS_Data\Precincts\2017_Statewide\AD_Prec_2016.shp;F:\GIS_Data\Precincts\2017_Statewide\AS_Prec_2012.shp;F:\GIS_Data\Precincts\2017_Statewide\BE_Prec_2017.shp;F:\GIS_Data\Precincts\2017_Statewide\CH_Prec_2017.shp;F:\GIS_Data\Precincts\2017_Statewide\CM_Prec_2017.shp;F:\GIS_Data\Precincts\2017_Statewide\CR_Prec_2017.shp;F:\GIS_Data\Precincts\2017_Statewide\CU_Prec_2017.shp;F:\GIS_Data\Precincts\2017_Statewide\CZ_Prec_2017.shp;F:\GIS_Data\Precincts\2017_Statewide\DG_Prec_2017.shp;F:\GIS_Data\Precincts\2017_Statewide\FE_Prec_2016.shp;F:\GIS_Data\Precincts\2017_Statewide\FR_Prec_2017.shp;F:\GIS_Data\Precincts\2017_Statewide\GA_Prec_2016.shp;F:\GIS_Data\Precincts\2017_Statewide\GR_Prec_2017.shp;F:\GIS_Data\Precincts\2017_Statewide\GY_Prec_2017.shp;F:\GIS_Data\Precincts\2017_Statewide\IS_Prec_2016.shp;F:\GIS_Data\Precincts\2017_Statewide\JE_Prec_2017.shp;F:\GIS_Data\Precincts\2017_Statewide\KI_Prec_2017.shp;F:\GIS_Data\Precincts\2017_Statewide\KP_Prec_2017.shp;F:\GIS_Data\Precincts\2017_Statewide\KS_Prec_2017.shp;F:\GIS_Data\Precincts\2017_Statewide\KT_Prec_2016.shp;F:\GIS_Data\Precincts\2017_Statewide\LE_Prec_2017.shp;F:\GIS_Data\Precincts\2017_Statewide\LI_Prec_2016.shp;F:\GIS_Data\Precincts\2017_Statewide\MA_Prec_2016.shp;F:\GIS_Data\Precincts\2017_Statewide\OK_Prec_2016.shp;F:\GIS_Data\Precincts\2017_Statewide\PA_Prec_2012.shp;F:\GIS_Data\Precincts\2017_Statewide\PE_Prec_2016.shp;F:\GIS_Data\Precincts\2017_Statewide\PI_Prec_2017.shp;F:\GIS_Data\Precincts\2017_Statewide\SJ_Prec_2016.shp;F:\GIS_Data\Precincts\2017_Statewide\SK_Prec_2017.shp;F:\GIS_Data\Precincts\2017_Statewide\SM_Prec_2016.shp;F:\GIS_Data\Precincts\2017_Statewide\SN_Prec_2017.shp;F:\GIS_Data\Precincts\2017_Statewide\SP_Prec_2017.shp;F:\GIS_Data\Precincts\2017_Statewide\ST_Prec_2016.shp;F:\GIS_Data\Precincts\2017_Statewide\TH_Prec_2017.shp;F:\GIS_Data\Precincts\2017_Statewide\WK_Prec_2016.shp;F:\GIS_Data\Precincts\2017_Statewide\WL_Prec_2017.shp;F:\GIS_Data\Precincts\2017_Statewide\WM_Prec_2017.shp;F:\GIS_Data\Precincts\2017_Statewide\WT_Prec_2017.shp;F:\GIS_Data\Precincts\2017_Statewide\YA_Prec_2017.shp F:\GIS_Data\Precincts\2017_Statewide\Statewide_Prec_2017.shp NO_TEST "LEGDIST "LEGDIST" true false false 80 Text 0 0 ,First,#,F:\GIS_Data\Precincts\2017_Statewide\PI_Prec_2017.shp,LEGDIST,-1,-1,F:\GIS_Data\Precincts\2017_Statewide\WM_Prec_2017.shp,LEGDIST,-1,-1;CONGDIST "CONGDIST" true false false 80 Text 0 0 ,First,#,F:\GIS_Data\Precincts\2017_Statewide\PI_Prec_2017.shp,CONGDIST,-1,-1,F:\GIS_Data\Precincts\2017_Statewide\WM_Prec_2017.shp,CONGDIST,-1,-1;CCDIST "CCDIST" true false false 80 Text 0 0 ,First,#,F:\GIS_Data\Precincts\2017_Statewide\PA_Prec_2012.shp,CCDIST,-1,-1,F:\GIS_Data\Precincts\2017_Statewide\PI_Prec_2017.shp,CCDIST,-1,-1;COUNTY "COUNTY" true false false 50 Text 0 0 ,First,#,F:\GIS_Data\Precincts\2017_Statewide\AS_Prec_2012.shp,COUNTY,-1,-1,F:\GIS_Data\Precincts\2017_Statewide\BE_Prec_2017.shp,COUNTY,-1,-1,F:\GIS_Data\Precincts\2017_Statewide\CH_Prec_2017.shp,COUNTY,-1,-1,F:\GIS_Data\Precincts\2017_Statewide\CM_Prec_2017.shp,COUNTY,-1,-1,F:\GIS_Data\Precincts\2017_Statewide\CR_Prec_2017.shp,COUNTY,-1,-1,F:\GIS_Data\Precincts\2017_Statewide\CU_Prec_2017.shp,COUNTY,-1,-1,F:\GIS_Data\Precincts\2017_Statewide\CZ_Prec_2017.shp,COUNTY,-1,-1,F:\GIS_Data\Precincts\2017_Statewide\DG_Prec_2017.shp,COUNTY,-1,-1,F:\GIS_Data\Precincts\2017_Statewide\FE_Prec_2016.shp,COUNTY,-1,-1,F:\GIS_Data\Precincts\2017_Statewide\FR_Prec_2017.shp,COUNTY,-1,-1,F:\GIS_Data\Precincts\2017_Statewide\GA_Prec_2016.shp,COUNTY,-1,-1,F:\GIS_Data\Precincts\2017_Statewide\GR_Prec_2017.shp,COUNTY,-1,-1,F:\GIS_Data\Precincts\2017_Statewide\GY_Prec_2017.shp,COUNTY,-1,-1,F:\GIS_Data\Precincts\2017_Statewide\IS_Prec_2016.shp,COUNTY,-1,-1,F:\GIS_Data\Precincts\2017_Statewide\JE_Prec_2017.shp,COUNTY,-1,-1,F:\GIS_Data\Precincts\2017_Statewide\KI_Prec_2017.shp,COUNTY,-1,-1,F:\GIS_Data\Precincts\2017_Statewide\KP_Prec_2017.shp,COUNTY,-1,-1,F:\GIS_Data\Precincts\2017_Statewide\KS_Prec_2017.shp,COUNTY,-1,-1,F:\GIS_Data\Precincts\2017_Statewide\KT_Prec_2016.shp,COUNTY,-1,-1,F:\GIS_Data\Precincts\2017_Statewide\LE_Prec_2017.shp,COUNTY,-1,-1,F:\GIS_Data\Precincts\2017_Statewide\LI_Prec_2016.shp,COUNTY,-1,-1,F:\GIS_Data\Precincts\2017_Statewide\MA_Prec_2016.shp,COUNTY,-1,-1,F:\GIS_Data\Precincts\2017_Statewide\OK_Prec_2016.shp,COUNTY,-1,-1,F:\GIS_Data\Precincts\2017_Statewide\PA_Prec_2012.shp,COUNTY,-1,-1,F:\GIS_Data\Precincts\2017_Statewide\PE_Prec_2016.shp,COUNTY,-1,-1,F:\GIS_Data\Precincts\2017_Statewide\PI_Prec_2017.shp,COUNTY,-1,-1,F:\GIS_Data\Precincts\2017_Statewide\SJ_Prec_2016.shp,COUNTY,-1,-1,F:\GIS_Data\Precincts\2017_Statewide\SK_Prec_2017.shp,COUNTY,-1,-1,F:\GIS_Data\Precincts\2017_Statewide\SM_Prec_2016.shp,COUNTY,-1,-1,F:\GIS_Data\Precincts\2017_Statewide\SP_Prec_2017.shp,COUNTY,-1,-1,F:\GIS_Data\Precincts\2017_Statewide\ST_Prec_2016.shp,COUNTY,-1,-1,F:\GIS_Data\Precincts\2017_Statewide\TH_Prec_2017.shp,COUNTY,-1,-1,F:\GIS_Data\Precincts\2017_Statewide\WK_Prec_2016.shp,COUNTY,-1,-1,F:\GIS_Data\Precincts\2017_Statewide\WL_Prec_2017.shp,COUNTY,-1,-1,F:\GIS_Data\Precincts\2017_Statewide\WM_Prec_2017.shp,COUNTY,-1,-1,F:\GIS_Data\Precincts\2017_Statewide\WT_Prec_2017.shp,COUNTY,-1,-1,F:\GIS_Data\Precincts\2017_Statewide\YA_Prec_2017.shp,COUNTY,-1,-1;COUNTYCODE "COUNTYCODE" true false false 2 Text 0 0 ,First,#,F:\GIS_Data\Precincts\2017_Statewide\AD_Prec_2016.shp,COUNTYCODE,-1,-1,F:\GIS_Data\Precincts\2017_Statewide\AS_Prec_2012.shp,COUNTYCODE,-1,-1,F:\GIS_Data\Precincts\2017_Statewide\BE_Prec_2017.shp,COUNTYCODE,-1,-1,F:\GIS_Data\Precincts\2017_Statewide\CH_Prec_2017.shp,COUNTYCODE,-1,-1,F:\GIS_Data\Precincts\2017_Statewide\CM_Prec_2017.shp,COUNTYCODE,-1,-1,F:\GIS_Data\Precincts\2017_Statewide\CR_Prec_2017.shp,COUNTYCODE,-1,-1,F:\GIS_Data\Precincts\2017_Statewide\CU_Prec_2017.shp,COUNTYCODE,-1,-1,F:\GIS_Data\Precincts\2017_Statewide\CZ_Prec_2017.shp,COUNTYCODE,-1,-1,F:\GIS_Data\Precincts\2017_Statewide\DG_Prec_2017.shp,COUNTYCODE,-1,-1,F:\GIS_Data\Precincts\2017_Statewide\FE_Prec_2016.shp,COUNTYCODE,-1,-1,F:\GIS_Data\Precincts\2017_Statewide\FR_Prec_2017.shp,COUNTYCODE,-1,-1,F:\GIS_Data\Precincts\2017_Statewide\GA_Prec_2016.shp,COUNTYCODE,-1,-1,F:\GIS_Data\Precincts\2017_Statewide\GR_Prec_2017.shp,COUNTYCODE,-1,-1,F:\GIS_Data\Precincts\2017_Statewide\GY_Prec_2017.shp,COUNTYCODE,-1,-1,F:\GIS_Data\Precincts\2017_Statewide\IS_Prec_2016.shp,COUNTYCODE,-1,-1,F:\GIS_Data\Precincts\2017_Statewide\JE_Prec_2017.shp,COUNTYCODE,-1,-1,F:\GIS_Data\Precincts\2017_Statewide\KI_Prec_2017.shp,COUNTYCODE,-1,-1,F:\GIS_Data\Precincts\2017_Statewide\KP_Prec_2017.shp,COUNTYCODE,-1,-1,F:\GIS_Data\Precincts\2017_Statewide\KS_Prec_2017.shp,COUNTYCODE,-1,-1,F:\GIS_Data\Precincts\2017_Statewide\KT_Prec_2016.shp,COUNTYCODE,-1,-1,F:\GIS_Data\Precincts\2017_Statewide\LE_Prec_2017.shp,COUNTYCODE,-1,-1,F:\GIS_Data\Precincts\2017_Statewide\LI_Prec_2016.shp,COUNTYCODE,-1,-1,F:\GIS_Data\Precincts\2017_Statewide\MA_Prec_2016.shp,COUNTYCODE,-1,-1,F:\GIS_Data\Precincts\2017_Statewide\OK_Prec_2016.shp,COUNTYCODE,-1,-1,F:\GIS_Data\Precincts\2017_Statewide\PA_Prec_2012.shp,COUNTYCODE,-1,-1,F:\GIS_Data\Precincts\2017_Statewide\PE_Prec_2016.shp,COUNTYCODE,-1,-1,F:\GIS_Data\Precincts\2017_Statewide\PI_Prec_2017.shp,COUNTYCODE,-1,-1,F:\GIS_Data\Precincts\2017_Statewide\SJ_Prec_2016.shp,COUNTYCODE,-1,-1,F:\GIS_Data\Precincts\2017_Statewide\SK_Prec_2017.shp,COUNTYCODE,-1,-1,F:\GIS_Data\Precincts\2017_Statewide\SM_Prec_2016.shp,COUNTYCODE,-1,-1,F:\GIS_Data\Precincts\2017_Statewide\SP_Prec_2017.shp,COUNTYCODE,-1,-1,F:\GIS_Data\Precincts\2017_Statewide\ST_Prec_2016.shp,COUNTYCODE,-1,-1,F:\GIS_Data\Precincts\2017_Statewide\TH_Prec_2017.shp,COUNTYCODE,-1,-1,F:\GIS_Data\Precincts\2017_Statewide\WK_Prec_2016.shp,COUNTYCODE,-1,-1,F:\GIS_Data\Precincts\2017_Statewide\WL_Prec_2017.shp,COUNTYCODE,-1,-1,F:\GIS_Data\Precincts\2017_Statewide\WM_Prec_2017.shp,COUNTYCODE,-1,-1,F:\GIS_Data\Precincts\2017_Statewide\WT_Prec_2017.shp,COUNTYCODE,-1,-1,F:\GIS_Data\Precincts\2017_Statewide\YA_Prec_2017.shp,COUNTYCODE,-1,-1;PRECCODE "PRECCODE" true false false 10 Long 0 10 ,First,#,F:\GIS_Data\Precincts\2017_Statewide\AD_Prec_2016.shp,PRECCODE,-1,-1,F:\GIS_Data\Precincts\2017_Statewide\AS_Prec_2012.shp,PRECCODE,-1,-1,F:\GIS_Data\Precincts\2017_Statewide\BE_Prec_2017.shp,PRECCODE,-1,-1,F:\GIS_Data\Precincts\2017_Statewide\CH_Prec_2017.shp,PRECCODE,-1,-1,F:\GIS_Data\Precincts\2017_Statewide\CM_Prec_2017.shp,PRECCODE,-1,-1,F:\GIS_Data\Precincts\2017_Statewide\CR_Prec_2017.shp,PRECCODE,-1,-1,F:\GIS_Data\Precincts\2017_Statewide\CU_Prec_2017.shp,PRECCODE,-1,-1,F:\GIS_Data\Precincts\2017_Statewide\CZ_Prec_2017.shp,PRECCODE,-1,-1,F:\GIS_Data\Precincts\2017_Statewide\DG_Prec_2017.shp,PRECCODE,-1,-1,F:\GIS_Data\Precincts\2017_Statewide\FE_Prec_2016.shp,PRECCODE,-1,-1,F:\GIS_Data\Precincts\2017_Statewide\FR_Prec_2017.shp,PRECCODE,-1,-1,F:\GIS_Data\Precincts\2017_Statewide\GA_Prec_2016.shp,PRECCODE,-1,-1,F:\GIS_Data\Precincts\2017_Statewide\GR_Prec_2017.shp,PRECCODE,-1,-1,F:\GIS_Data\Precincts\2017_Statewide\GY_Prec_2017.shp,PRECCODE,-1,-1,F:\GIS_Data\Precincts\2017_Statewide\IS_Prec_2016.shp,PRECCODE,-1,-1,F:\GIS_Data\Precincts\2017_Statewide\JE_Prec_2017.shp,PRECCODE,-1,-1,F:\GIS_Data\Precincts\2017_Statewide\KI_Prec_2017.shp,PRECCODE,-1,-1,F:\GIS_Data\Precincts\2017_Statewide\KP_Prec_2017.shp,PRECCODE,-1,-1,F:\GIS_Data\Precincts\2017_Statewide\KS_Prec_2017.shp,PRECCODE,-1,-1,F:\GIS_Data\Precincts\2017_Statewide\KT_Prec_2016.shp,PRECCODE,-1,-1,F:\GIS_Data\Precincts\2017_Statewide\LE_Prec_2017.shp,PRECCODE,-1,-1,F:\GIS_Data\Precincts\2017_Statewide\LI_Prec_2016.shp,PRECCODE,-1,-1,F:\GIS_Data\Precincts\2017_Statewide\MA_Prec_2016.shp,PRECCODE,-1,-1,F:\GIS_Data\Precincts\2017_Statewide\OK_Prec_2016.shp,PRECCODE,-1,-1,F:\GIS_Data\Precincts\2017_Statewide\PA_Prec_2012.shp,PRECCODE,-1,-1,F:\GIS_Data\Precincts\2017_Statewide\PE_Prec_2016.shp,PRECCODE,-1,-1,F:\GIS_Data\Precincts\2017_Statewide\PI_Prec_2017.shp,PRECCODE,-1,-1,F:\GIS_Data\Precincts\2017_Statewide\SJ_Prec_2016.shp,PRECCODE,-1,-1,F:\GIS_Data\Precincts\2017_Statewide\SK_Prec_2017.shp,PRECCODE,-1,-1,F:\GIS_Data\Precincts\2017_Statewide\SM_Prec_2016.shp,PRECCODE,-1,-1,F:\GIS_Data\Precincts\2017_Statewide\SN_Prec_2017.shp,PRECCODE,-1,-1,F:\GIS_Data\Precincts\2017_Statewide\SP_Prec_2017.shp,PRECCODE,-1,-1,F:\GIS_Data\Precincts\2017_Statewide\ST_Prec_2016.shp,PRECCODE,-1,-1,F:\GIS_Data\Precincts\2017_Statewide\TH_Prec_2017.shp,PRECCODE,-1,-1,F:\GIS_Data\Precincts\2017_Statewide\WK_Prec_2016.shp,PRECCODE,-1,-1,F:\GIS_Data\Precincts\2017_Statewide\WL_Prec_2017.shp,PRECCODE,-1,-1,F:\GIS_Data\Precincts\2017_Statewide\WM_Prec_2017.shp,PRECCODE,-1,-1,F:\GIS_Data\Precincts\2017_Statewide\WT_Prec_2017.shp,PRECCODE,-1,-1,F:\GIS_Data\Precincts\2017_Statewide\YA_Prec_2017.shp,PRECCODE,-1,-1;PRECNAME "PRECNAME" true false false 50 Text 0 0 ,First,#,F:\GIS_Data\Precincts\2017_Statewide\AD_Prec_2016.shp,PRECNAME,-1,-1,F:\GIS_Data\Precincts\2017_Statewide\AS_Prec_2012.shp,PRECNAME,-1,-1,F:\GIS_Data\Precincts\2017_Statewide\BE_Prec_2017.shp,PRECNAME,-1,-1,F:\GIS_Data\Precincts\2017_Statewide\CH_Prec_2017.shp,PRECNAME,-1,-1,F:\GIS_Data\Precincts\2017_Statewide\CM_Prec_2017.shp,PRECNAME,-1,-1,F:\GIS_Data\Precincts\2017_Statewide\CR_Prec_2017.shp,PRECNAME,-1,-1,F:\GIS_Data\Precincts\2017_Statewide\CU_Prec_2017.shp,PRECNAME,-1,-1,F:\GIS_Data\Precincts\2017_Statewide\CZ_Prec_2017.shp,PRECNAME,-1,-1,F:\GIS_Data\Precincts\2017_Statewide\DG_Prec_2017.shp,PRECNAME,-1,-1,F:\GIS_Data\Precincts\2017_Statewide\FE_Prec_2016.shp,PRECNAME,-1,-1,F:\GIS_Data\Precincts\2017_Statewide\FR_Prec_2017.shp,PRECNAME,-1,-1,F:\GIS_Data\Precincts\2017_Statewide\GA_Prec_2016.shp,PRECNAME,-1,-1,F:\GIS_Data\Precincts\2017_Statewide\GR_Prec_2017.shp,PRECNAME,-1,-1,F:\GIS_Data\Precincts\2017_Statewide\GY_Prec_2017.shp,PRECNAME,-1,-1,F:\GIS_Data\Precincts\2017_Statewide\IS_Prec_2016.shp,PRECNAME,-1,-1,F:\GIS_Data\Precincts\2017_Statewide\JE_Prec_2017.shp,PRECNAME,-1,-1,F:\GIS_Data\Precincts\2017_Statewide\KI_Prec_2017.shp,PRECNAME,-1,-1,F:\GIS_Data\Precincts\2017_Statewide\KP_Prec_2017.shp,PRECNAME,-1,-1,F:\GIS_Data\Precincts\2017_Statewide\KS_Prec_2017.shp,PRECNAME,-1,-1,F:\GIS_Data\Precincts\2017_Statewide\KT_Prec_2016.shp,PRECNAME,-1,-1,F:\GIS_Data\Precincts\2017_Statewide\LE_Prec_2017.shp,PRECNAME,-1,-1,F:\GIS_Data\Precincts\2017_Statewide\LI_Prec_2016.shp,PRECNAME,-1,-1,F:\GIS_Data\Precincts\2017_Statewide\MA_Prec_2016.shp,PRECNAME,-1,-1,F:\GIS_Data\Precincts\2017_Statewide\OK_Prec_2016.shp,PRECNAME,-1,-1,F:\GIS_Data\Precincts\2017_Statewide\PA_Prec_2012.shp,PRECNAME,-1,-1,F:\GIS_Data\Precincts\2017_Statewide\PE_Prec_2016.shp,PRECNAME,-1,-1,F:\GIS_Data\Precincts\2017_Statewide\PI_Prec_2017.shp,PRECNAME,-1,-1,F:\GIS_Data\Precincts\2017_Statewide\SJ_Prec_2016.shp,PRECNAME,-1,-1,F:\GIS_Data\Precincts\2017_Statewide\SK_Prec_2017.shp,PRECNAME,-1,-1,F:\GIS_Data\Precincts\2017_Statewide\SM_Prec_2016.shp,PRECNAME,-1,-1,F:\GIS_Data\Precincts\2017_Statewide\SN_Prec_2017.shp,PRECNAME,-1,-1,F:\GIS_Data\Precincts\2017_Statewide\SP_Prec_2017.shp,PRECNAME,-1,-1,F:\GIS_Data\Precincts\2017_Statewide\ST_Prec_2016.shp,PRECNAME,-1,-1,F:\GIS_Data\Precincts\2017_Statewide\TH_Prec_2017.shp,PRECNAME,-1,-1,F:\GIS_Data\Precincts\2017_Statewide\WK_Prec_2016.shp,PRECNAME,-1,-1,F:\GIS_Data\Precincts\2017_Statewide\WL_Prec_2017.shp,PRECNAME,-1,-1,F:\GIS_Data\Precincts\2017_Statewide\WM_Prec_2017.shp,PRECNAME,-1,-1,F:\GIS_Data\Precincts\2017_Statewide\WT_Prec_2017.shp,PRECNAME,-1,-1,F:\GIS_Data\Precincts\2017_Statewide\YA_Prec_2017.shp,PRECNAME,-1,-1;ST_CODE "ST_CODE" true false false 10 Text 0 0 ,First,#,F:\GIS_Data\Precincts\2017_Statewide\AD_Prec_2016.shp,ST_CODE,-1,-1,F:\GIS_Data\Precincts\2017_Statewide\AS_Prec_2012.shp,ST_CODE,-1,-1,F:\GIS_Data\Precincts\2017_Statewide\CZ_Prec_2017.shp,ST_CODE,-1,-1,F:\GIS_Data\Precincts\2017_Statewide\FE_Prec_2016.shp,ST_CODE,-1,-1,F:\GIS_Data\Precincts\2017_Statewide\GA_Prec_2016.shp,ST_CODE,-1,-1,F:\GIS_Data\Precincts\2017_Statewide\IS_Prec_2016.shp,ST_CODE,-1,-1,F:\GIS_Data\Precincts\2017_Statewide\KT_Prec_2016.shp,ST_CODE,-1,-1,F:\GIS_Data\Precincts\2017_Statewide\LI_Prec_2016.shp,ST_CODE,-1,-1,F:\GIS_Data\Precincts\2017_Statewide\MA_Prec_2016.shp,ST_CODE,-1,-1,F:\GIS_Data\Precincts\2017_Statewide\OK_Prec_2016.shp,ST_CODE,-1,-1,F:\GIS_Data\Precincts\2017_Statewide\PA_Prec_2012.shp,ST_CODE,-1,-1,F:\GIS_Data\Precincts\2017_Statewide\PE_Prec_2016.shp,ST_CODE,-1,-1,F:\GIS_Data\Precincts\2017_Statewide\WT_Prec_2017.shp,ST_CODE,-1,-1" #</Process><Process ToolSource="c:\program files (x86)\arcgis\desktop10.5\ArcToolbox\Toolboxes\Data Management Tools.tbx\CalculateField" Date="20180126" Time="095431">CalculateField Statewide_Prec_2017 COUNTY "Snohomish" VB #</Process><Process ToolSource="c:\program files (x86)\arcgis\desktop10.5\ArcToolbox\Toolboxes\Data Management Tools.tbx\CalculateField" Date="20180126" Time="095603">CalculateField Statewide_Prec_2017 COUNTYCODE "SN" VB #</Process><Process ToolSource="c:\program files (x86)\arcgis\desktop10.5\ArcToolbox\Toolboxes\Data Management Tools.tbx\CalculateField" Date="20180126" Time="095651">CalculateField Statewide_Prec_2017 COUNTY "Adams" VB #</Process><Process ToolSource="c:\program files (x86)\arcgis\desktop10.5\ArcToolbox\Toolboxes\Data Management Tools.tbx\CalculateField" Date="20180126" Time="095704">CalculateField Statewide_Prec_2017 LEGDIST 9 VB #</Process><Process ToolSource="c:\program files (x86)\arcgis\desktop10.5\ArcToolbox\Toolboxes\Data Management Tools.tbx\CalculateField" Date="20180126" Time="095711">CalculateField Statewide_Prec_2017 CONGDIST 4 VB #</Process><Process ToolSource="c:\program files (x86)\arcgis\desktop10.5\ArcToolbox\Toolboxes\Data Management Tools.tbx\CalculateField" Date="20180126" Time="095740">CalculateField Statewide_Prec_2017 LEGDIST 9 VB #</Process><Process ToolSource="c:\program files (x86)\arcgis\desktop10.5\ArcToolbox\Toolboxes\Data Management Tools.tbx\CalculateField" Date="20180126" Time="095746">CalculateField Statewide_Prec_2017 CONGDIST 5 VB #</Process><Process ToolSource="c:\program files (x86)\arcgis\desktop10.5\ArcToolbox\Toolboxes\Data Management Tools.tbx\CalculateField" Date="20180126" Time="095805">CalculateField Statewide_Prec_2017 CONGDIST 4 VB #</Process><Process ToolSource="c:\program files (x86)\arcgis\desktop10.5\ArcToolbox\Toolboxes\Data Management Tools.tbx\CalculateField" Date="20180126" Time="095820">CalculateField Statewide_Prec_2017 LEGDIST 12 VB #</Process><Process ToolSource="c:\program files (x86)\arcgis\desktop10.5\ArcToolbox\Toolboxes\Data Management Tools.tbx\CalculateField" Date="20180126" Time="095828">CalculateField Statewide_Prec_2017 CONGDIST 8 VB #</Process><Process ToolSource="c:\program files (x86)\arcgis\desktop10.5\ArcToolbox\Toolboxes\Data Management Tools.tbx\CalculateField" Date="20180126" Time="095848">CalculateField Statewide_Prec_2017 LEGDIST 24 VB #</Process><Process ToolSource="c:\program files (x86)\arcgis\desktop10.5\ArcToolbox\Toolboxes\Data Management Tools.tbx\CalculateField" Date="20180126" Time="095853">CalculateField Statewide_Prec_2017 CONGDIST 6 VB #</Process><Process ToolSource="c:\program files (x86)\arcgis\desktop10.5\ArcToolbox\Toolboxes\Data Management Tools.tbx\CalculateField" Date="20180126" Time="095910">CalculateField Statewide_Prec_2017 CONGDIST 3 VB #</Process><Process ToolSource="c:\program files (x86)\arcgis\desktop10.5\ArcToolbox\Toolboxes\Data Management Tools.tbx\CalculateField" Date="20180126" Time="095923">CalculateField Statewide_Prec_2017 LEGDIST 16 VB #</Process><Process ToolSource="c:\program files (x86)\arcgis\desktop10.5\ArcToolbox\Toolboxes\Data Management Tools.tbx\CalculateField" Date="20180126" Time="095930">CalculateField Statewide_Prec_2017 CONGDIST 5 VB #</Process><Process ToolSource="c:\program files (x86)\arcgis\desktop10.5\ArcToolbox\Toolboxes\Data Management Tools.tbx\CalculateField" Date="20180126" Time="095944">CalculateField Statewide_Prec_2017 CONGDIST 3 VB #</Process><Process ToolSource="c:\program files (x86)\arcgis\desktop10.5\ArcToolbox\Toolboxes\Data Management Tools.tbx\CalculateField" Date="20180126" Time="095959">CalculateField Statewide_Prec_2017 LEGDIST 12 VB #</Process><Process ToolSource="c:\program files (x86)\arcgis\desktop10.5\ArcToolbox\Toolboxes\Data Management Tools.tbx\CalculateField" Date="20180126" Time="100012">CalculateField Statewide_Prec_2017 LEGDIST 7 VB #</Process><Process ToolSource="c:\program files (x86)\arcgis\desktop10.5\ArcToolbox\Toolboxes\Data Management Tools.tbx\CalculateField" Date="20180126" Time="100018">CalculateField Statewide_Prec_2017 CONGDIST 5 VB #</Process><Process ToolSource="c:\program files (x86)\arcgis\desktop10.5\ArcToolbox\Toolboxes\Data Management Tools.tbx\CalculateField" Date="20180126" Time="100107">CalculateField Statewide_Prec_2017 CONGDIST 4 VB #</Process><Process ToolSource="c:\program files (x86)\arcgis\desktop10.5\ArcToolbox\Toolboxes\Data Management Tools.tbx\CalculateField" Date="20180126" Time="100117">CalculateField Statewide_Prec_2017 LEGDIST 9 VB #</Process><Process ToolSource="c:\program files (x86)\arcgis\desktop10.5\ArcToolbox\Toolboxes\Data Management Tools.tbx\CalculateField" Date="20180126" Time="100123">CalculateField Statewide_Prec_2017 CONGDIST 5 VB #</Process><Process ToolSource="c:\program files (x86)\arcgis\desktop10.5\ArcToolbox\Toolboxes\Data Management Tools.tbx\CalculateField" Date="20180126" Time="100136">CalculateField Statewide_Prec_2017 CONGDIST 4 VB #</Process><Process ToolSource="c:\program files (x86)\arcgis\desktop10.5\ArcToolbox\Toolboxes\Data Management Tools.tbx\CalculateField" Date="20180126" Time="100152">CalculateField Statewide_Prec_2017 CONGDIST 6 VB #</Process><Process ToolSource="c:\program files (x86)\arcgis\desktop10.5\ArcToolbox\Toolboxes\Data Management Tools.tbx\CalculateField" Date="20180126" Time="100212">CalculateField Statewide_Prec_2017 LEGDIST 10 VB #</Process><Process ToolSource="c:\program files (x86)\arcgis\desktop10.5\ArcToolbox\Toolboxes\Data Management Tools.tbx\CalculateField" Date="20180126" Time="100218">CalculateField Statewide_Prec_2017 CONGDIST 2 VB #</Process><Process ToolSource="c:\program files (x86)\arcgis\desktop10.5\ArcToolbox\Toolboxes\Data Management Tools.tbx\CalculateField" Date="20180126" Time="100230">CalculateField Statewide_Prec_2017 LEGDIST 24 VB #</Process><Process ToolSource="c:\program files (x86)\arcgis\desktop10.5\ArcToolbox\Toolboxes\Data Management Tools.tbx\CalculateField" Date="20180126" Time="100235">CalculateField Statewide_Prec_2017 CONGDIST 6 VB #</Process><Process ToolSource="c:\program files (x86)\arcgis\desktop10.5\ArcToolbox\Toolboxes\Data Management Tools.tbx\CalculateField" Date="20180126" Time="100317">CalculateField Statewide_Prec_2017 CONGDIST 6 VB #</Process><Process ToolSource="c:\program files (x86)\arcgis\desktop10.5\ArcToolbox\Toolboxes\Data Management Tools.tbx\CalculateField" Date="20180126" Time="100332">CalculateField Statewide_Prec_2017 LEGDIST 13 VB #</Process><Process ToolSource="c:\program files (x86)\arcgis\desktop10.5\ArcToolbox\Toolboxes\Data Management Tools.tbx\CalculateField" Date="20180126" Time="100337">CalculateField Statewide_Prec_2017 CONGDIST 8 VB #</Process><Process ToolSource="c:\program files (x86)\arcgis\desktop10.5\ArcToolbox\Toolboxes\Data Management Tools.tbx\CalculateField" Date="20180126" Time="100349">CalculateField Statewide_Prec_2017 LEGDIST 14 VB #</Process><Process ToolSource="c:\program files (x86)\arcgis\desktop10.5\ArcToolbox\Toolboxes\Data Management Tools.tbx\CalculateField" Date="20180126" Time="100356">CalculateField Statewide_Prec_2017 CONGDIST 3 VB #</Process><Process ToolSource="c:\program files (x86)\arcgis\desktop10.5\ArcToolbox\Toolboxes\Data Management Tools.tbx\CalculateField" Date="20180126" Time="100416">CalculateField Statewide_Prec_2017 CONGDIST 3 VB #</Process><Process ToolSource="c:\program files (x86)\arcgis\desktop10.5\ArcToolbox\Toolboxes\Data Management Tools.tbx\CalculateField" Date="20180126" Time="100430">CalculateField Statewide_Prec_2017 LEGDIST 13 VB #</Process><Process ToolSource="c:\program files (x86)\arcgis\desktop10.5\ArcToolbox\Toolboxes\Data Management Tools.tbx\CalculateField" Date="20180126" Time="100437">CalculateField Statewide_Prec_2017 CONGDIST 5 VB #</Process><Process ToolSource="c:\program files (x86)\arcgis\desktop10.5\ArcToolbox\Toolboxes\Data Management Tools.tbx\CalculateField" Date="20180126" Time="100452">CalculateField Statewide_Prec_2017 LEGDIST 35 VB #</Process><Process ToolSource="c:\program files (x86)\arcgis\desktop10.5\ArcToolbox\Toolboxes\Data Management Tools.tbx\CalculateField" Date="20180126" Time="100511">CalculateField Statewide_Prec_2017 CONGDIST 4 VB #</Process><Process ToolSource="c:\program files (x86)\arcgis\desktop10.5\ArcToolbox\Toolboxes\Data Management Tools.tbx\CalculateField" Date="20180126" Time="100527">CalculateField Statewide_Prec_2017 LEGDIST 19 VB #</Process><Process ToolSource="c:\program files (x86)\arcgis\desktop10.5\ArcToolbox\Toolboxes\Data Management Tools.tbx\CalculateField" Date="20180126" Time="100533">CalculateField Statewide_Prec_2017 CONGDIST 3 VB #</Process><Process ToolSource="c:\program files (x86)\arcgis\desktop10.5\ArcToolbox\Toolboxes\Data Management Tools.tbx\CalculateField" Date="20180126" Time="100555">CalculateField Statewide_Prec_2017 LEGDIST 7 VB #</Process><Process ToolSource="c:\program files (x86)\arcgis\desktop10.5\ArcToolbox\Toolboxes\Data Management Tools.tbx\CalculateField" Date="20180126" Time="100603">CalculateField Statewide_Prec_2017 CONGDIST 5 VB #</Process><Process ToolSource="c:\program files (x86)\arcgis\desktop10.5\ArcToolbox\Toolboxes\Data Management Tools.tbx\CalculateField" Date="20180126" Time="100621">CalculateField Statewide_Prec_2017 LEGDIST 2 VB #</Process><Process ToolSource="c:\program files (x86)\arcgis\desktop10.5\ArcToolbox\Toolboxes\Data Management Tools.tbx\CalculateField" Date="20180126" Time="100652">CalculateField Statewide_Prec_2017 LEGDIST 40 VB #</Process><Process ToolSource="c:\program files (x86)\arcgis\desktop10.5\ArcToolbox\Toolboxes\Data Management Tools.tbx\CalculateField" Date="20180126" Time="100657">CalculateField Statewide_Prec_2017 CONGDIST 2 VB #</Process><Process ToolSource="c:\program files (x86)\arcgis\desktop10.5\ArcToolbox\Toolboxes\Data Management Tools.tbx\CalculateField" Date="20180126" Time="100719">CalculateField Statewide_Prec_2017 LEGDIST 14 VB #</Process><Process ToolSource="c:\program files (x86)\arcgis\desktop10.5\ArcToolbox\Toolboxes\Data Management Tools.tbx\CalculateField" Date="20180126" Time="100724">CalculateField Statewide_Prec_2017 CONGDIST 3 VB #</Process><Process ToolSource="c:\program files (x86)\arcgis\desktop10.5\ArcToolbox\Toolboxes\Data Management Tools.tbx\CalculateField" Date="20180126" Time="100829">CalculateField Statewide_Prec_2017 CONGDIST 1 VB #</Process><Process ToolSource="c:\program files (x86)\arcgis\desktop10.5\ArcToolbox\Toolboxes\Data Management Tools.tbx\CalculateField" Date="20180126" Time="100859">CalculateField Statewide_Prec_2017 CONGDIST 2 VB #</Process><Process ToolSource="c:\program files (x86)\arcgis\desktop10.5\ArcToolbox\Toolboxes\Data Management Tools.tbx\CalculateField" Date="20180126" Time="100920">CalculateField Statewide_Prec_2017 CONGDIST 7 VB #</Process><Process ToolSource="c:\program files (x86)\arcgis\desktop10.5\ArcToolbox\Toolboxes\Data Management Tools.tbx\CalculateField" Date="20180126" Time="100954">CalculateField Statewide_Prec_2017 LEGDIST 1 VB #</Process><Process ToolSource="c:\program files (x86)\arcgis\desktop10.5\ArcToolbox\Toolboxes\Data Management Tools.tbx\CalculateField" Date="20180126" Time="101006">CalculateField Statewide_Prec_2017 LEGDIST 10 VB #</Process><Process ToolSource="c:\program files (x86)\arcgis\desktop10.5\ArcToolbox\Toolboxes\Data Management Tools.tbx\CalculateField" Date="20180126" Time="101028">CalculateField Statewide_Prec_2017 LEGDIST 39 VB #</Process><Process ToolSource="c:\program files (x86)\arcgis\desktop10.5\ArcToolbox\Toolboxes\Data Management Tools.tbx\CalculateField" Date="20180126" Time="101054">CalculateField Statewide_Prec_2017 LEGDIST 44 VB #</Process><Process ToolSource="c:\program files (x86)\arcgis\desktop10.5\ArcToolbox\Toolboxes\Data Management Tools.tbx\CalculateField" Date="20180126" Time="101110">CalculateField Statewide_Prec_2017 LEGDIST 1 VB #</Process><Process ToolSource="c:\program files (x86)\arcgis\desktop10.5\ArcToolbox\Toolboxes\Data Management Tools.tbx\CalculateField" Date="20180126" Time="101124">CalculateField Statewide_Prec_2017 LEGDIST 10 VB #</Process><Process ToolSource="c:\program files (x86)\arcgis\desktop10.5\ArcToolbox\Toolboxes\Data Management Tools.tbx\CalculateField" Date="20180126" Time="101146">CalculateField Statewide_Prec_2017 LEGDIST 21 VB #</Process><Process ToolSource="c:\program files (x86)\arcgis\desktop10.5\ArcToolbox\Toolboxes\Data Management Tools.tbx\CalculateField" Date="20180126" Time="101204">CalculateField Statewide_Prec_2017 LEGDIST 32 VB #</Process><Process ToolSource="c:\program files (x86)\arcgis\desktop10.5\ArcToolbox\Toolboxes\Data Management Tools.tbx\CalculateField" Date="20180126" Time="101227">CalculateField Statewide_Prec_2017 LEGDIST 38 VB #</Process><Process ToolSource="c:\program files (x86)\arcgis\desktop10.5\ArcToolbox\Toolboxes\Data Management Tools.tbx\CalculateField" Date="20180126" Time="101243">CalculateField Statewide_Prec_2017 LEGDIST 39 VB #</Process><Process ToolSource="c:\program files (x86)\arcgis\desktop10.5\ArcToolbox\Toolboxes\Data Management Tools.tbx\CalculateField" Date="20180126" Time="101300">CalculateField Statewide_Prec_2017 LEGDIST 44 VB #</Process><Process ToolSource="c:\program files (x86)\arcgis\desktop10.5\ArcToolbox\Toolboxes\Data Management Tools.tbx\CalculateField" Date="20180126" Time="101352">CalculateField Statewide_Prec_2017 LEGDIST 21 VB #</Process><Process ToolSource="c:\program files (x86)\arcgis\desktop10.5\ArcToolbox\Toolboxes\Data Management Tools.tbx\CalculateField" Date="20180126" Time="101437">CalculateField Statewide_Prec_2017 LEGDIST 32 VB #</Process><Process ToolSource="c:\program files (x86)\arcgis\desktop10.5\ArcToolbox\Toolboxes\Data Management Tools.tbx\CalculateField" Date="20180126" Time="102043">CalculateField Statewide_Prec_2017 CCDIST 1 VB #</Process><Process ToolSource="c:\program files (x86)\arcgis\desktop10.5\ArcToolbox\Toolboxes\Data Management Tools.tbx\CalculateField" Date="20180126" Time="102856">CalculateField Statewide_Prec_2017 CCDIST 1 VB #</Process><Process ToolSource="c:\program files (x86)\arcgis\desktop10.5\ArcToolbox\Toolboxes\Data Management Tools.tbx\CalculateField" Date="20180126" Time="102929">CalculateField Statewide_Prec_2017 CCDIST 2 VB #</Process><Process ToolSource="c:\program files (x86)\arcgis\desktop10.5\ArcToolbox\Toolboxes\Data Management Tools.tbx\CalculateField" Date="20180126" Time="103048">CalculateField Statewide_Prec_2017 CCDIST 3 VB #</Process><Process ToolSource="c:\program files (x86)\arcgis\desktop10.5\ArcToolbox\Toolboxes\Data Management Tools.tbx\CalculateField" Date="20180126" Time="103118">CalculateField Statewide_Prec_2017 CCDIST 4 VB #</Process><Process ToolSource="c:\program files (x86)\arcgis\desktop10.5\ArcToolbox\Toolboxes\Data Management Tools.tbx\CalculateField" Date="20180126" Time="104612">CalculateField Statewide_Prec_2017 CCDIST 5 VB #</Process><Process ToolSource="c:\program files (x86)\arcgis\desktop10.5\ArcToolbox\Toolboxes\Data Management Tools.tbx\CalculateField" Date="20180126" Time="104900">CalculateField Statewide_Prec_2017 ST_CODE [COUNTYCODE]&amp;RIGHT("00000000"&amp; [PRECCODE],8) VB #</Process><Process ToolSource="c:\program files (x86)\arcgis\desktop10.5\ArcToolbox\Toolboxes\Data Management Tools.tbx\Project" Date="20180126" Time="152102">Project F:\GIS_Data\Precincts\2017_Statewide\Statewide_Prec_2017.shp F:\GIS_Data\Precincts\2017_Statewide\Statewide_Prec_2017_Census.shp GEOGCS['GCS_North_American_1983',DATUM['D_North_American_1983',SPHEROID['GRS_1980',6378137.0,298.257222101]],PRIMEM['Greenwich',0.0],UNIT['Degree',0.0174532925199433]] 'WGS_1984_(ITRF00)_To_NAD_1983_HARN + WGS_1984_(ITRF00)_To_NAD_1983' PROJCS['NAD_1983_HARN_StatePlane_Washington_South_FIPS_4602_Feet',GEOGCS['GCS_North_American_1983_HARN',DATUM['D_North_American_1983_HARN',SPHEROID['GRS_1980',6378137.0,298.257222101]],PRIMEM['Greenwich',0.0],UNIT['Degree',0.0174532925199433]],PROJECTION['Lambert_Conformal_Conic'],PARAMETER['False_Easting',1640416.666666667],PARAMETER['False_Northing',0.0],PARAMETER['Central_Meridian',-120.5],PARAMETER['Standard_Parallel_1',45.83333333333334],PARAMETER['Standard_Parallel_2',47.33333333333334],PARAMETER['Latitude_Of_Origin',45.33333333333334],UNIT['Foot_US',0.3048006096012192]] NO_PRESERVE_SHAPE # NO_VERTICAL</Process><Process ToolSource="c:\program files (x86)\arcgis\desktop10.5\ArcToolbox\Toolboxes\Data Management Tools.tbx\CalculateField" Date="20180129" Time="090721">CalculateField Statewide_Prec_2017_Census ST_FIPS 53 VB #</Process><Process ToolSource="c:\program files (x86)\arcgis\desktop10.5\ArcToolbox\Toolboxes\Data Management Tools.tbx\CalculateField" Date="20180129" Time="091453">CalculateField Statewide_Prec_2017_Census LSAD "V2" VB #</Process><Process ToolSource="c:\program files (x86)\arcgis\desktop10.5\ArcToolbox\Toolboxes\Data Management Tools.tbx\CalculateField" Date="20180129" Time="091511">CalculateField Statewide_Prec_2017_Census LSAD "V2" VB #</Process><Process ToolSource="c:\program files (x86)\arcgis\desktop10.5\ArcToolbox\Toolboxes\Data Management Tools.tbx\CalculateField" Date="20180129" Time="091543">CalculateField Statewide_Prec_2017_Census LSAD "V2" VB #</Process><Process ToolSource="c:\program files (x86)\arcgis\desktop10.5\ArcToolbox\Toolboxes\Data Management Tools.tbx\CalculateField" Date="20180129" Time="091822">CalculateField Statewide_Prec_2017_Census LSAD "V1" VB #</Process><Process ToolSource="c:\program files (x86)\arcgis\desktop10.5\ArcToolbox\Toolboxes\Data Management Tools.tbx\CalculateField" Date="20180129" Time="091844">CalculateField Statewide_Prec_2017_Census LSAD "V2" VB #</Process><Process ToolSource="c:\program files (x86)\arcgis\desktop10.5\ArcToolbox\Toolboxes\Data Management Tools.tbx\CalculateField" Date="20180129" Time="092011">CalculateField Statewide_Prec_2017_Census LSAD "V1" VB #</Process><Process ToolSource="c:\program files (x86)\arcgis\desktop10.5\ArcToolbox\Toolboxes\Data Management Tools.tbx\CalculateField" Date="20180129" Time="092142">CalculateField Statewide_Prec_2017_Census LSAD "V2" VB #</Process><Process ToolSource="c:\program files (x86)\arcgis\desktop10.5\ArcToolbox\Toolboxes\Data Management Tools.tbx\CalculateField" Date="20180129" Time="092225">CalculateField Statewide_Prec_2017_Census LSAD "V2" VB #</Process><Process ToolSource="c:\program files (x86)\arcgis\desktop10.5\ArcToolbox\Toolboxes\Data Management Tools.tbx\CalculateField" Date="20180129" Time="092245">CalculateField Statewide_Prec_2017_Census LSAD "V1" VB #</Process><Process ToolSource="c:\program files (x86)\arcgis\desktop10.5\ArcToolbox\Toolboxes\Data Management Tools.tbx\CalculateField" Date="20180129" Time="092302">CalculateField Statewide_Prec_2017_Census LSAD "V2" VB #</Process><Process ToolSource="c:\program files (x86)\arcgis\desktop10.5\ArcToolbox\Toolboxes\Data Management Tools.tbx\CalculateField" Date="20180129" Time="092436">CalculateField Statewide_Prec_2017_Census PRECNAME REPLACE( [PRECNAME],"Precinct ","") VB #</Process><Process ToolSource="c:\program files (x86)\arcgis\desktop10.5\ArcToolbox\Toolboxes\Data Management Tools.tbx\CalculateField" Date="20180129" Time="092446">CalculateField Statewide_Prec_2017_Census LSAD "V1" VB #</Process><Process ToolSource="c:\program files (x86)\arcgis\desktop10.5\ArcToolbox\Toolboxes\Data Management Tools.tbx\CalculateField" Date="20180129" Time="092650">CalculateField Statewide_Prec_2017_Census PRECNAME REPLACE( [PRECCODE],"Ward","Pomeroy Ward") VB #</Process><Process ToolSource="c:\program files (x86)\arcgis\desktop10.5\ArcToolbox\Toolboxes\Data Management Tools.tbx\CalculateField" Date="20180129" Time="092711">CalculateField Statewide_Prec_2017_Census PRECNAME REPLACE( [PRECNAME],"Ward","Pomeroy Ward") VB #</Process><Process ToolSource="c:\program files (x86)\arcgis\desktop10.5\ArcToolbox\Toolboxes\Data Management Tools.tbx\CalculateField" Date="20180129" Time="092812">CalculateField Statewide_Prec_2017_Census LSAD "V2" VB #</Process><Process ToolSource="c:\program files (x86)\arcgis\desktop10.5\ArcToolbox\Toolboxes\Data Management Tools.tbx\CalculateField" Date="20180129" Time="092913">CalculateField Statewide_Prec_2017_Census LSAD "V2" VB #</Process><Process ToolSource="c:\program files (x86)\arcgis\desktop10.5\ArcToolbox\Toolboxes\Data Management Tools.tbx\CalculateField" Date="20180129" Time="092948">CalculateField Statewide_Prec_2017_Census LSAD "V2" VB #</Process><Process ToolSource="c:\program files (x86)\arcgis\desktop10.5\ArcToolbox\Toolboxes\Data Management Tools.tbx\CalculateField" Date="20180129" Time="093123">CalculateField Statewide_Prec_2017_Census PRECNAME REPLACE([PRECNAME],"C ","Central ") VB #</Process><Process ToolSource="c:\program files (x86)\arcgis\desktop10.5\ArcToolbox\Toolboxes\Data Management Tools.tbx\CalculateField" Date="20180129" Time="093152">CalculateField Statewide_Prec_2017_Census PRECNAME REPLACE([PRECNAME],"N ","North ") VB #</Process><Process ToolSource="c:\program files (x86)\arcgis\desktop10.5\ArcToolbox\Toolboxes\Data Management Tools.tbx\CalculateField" Date="20180129" Time="093216">CalculateField Statewide_Prec_2017_Census PRECNAME REPLACE([PRECNAME],"S ","South ") VB #</Process><Process ToolSource="c:\program files (x86)\arcgis\desktop10.5\ArcToolbox\Toolboxes\Data Management Tools.tbx\CalculateField" Date="20180129" Time="093253">CalculateField Statewide_Prec_2017_Census LSAD "V2" VB #</Process><Process ToolSource="c:\program files (x86)\arcgis\desktop10.5\ArcToolbox\Toolboxes\Data Management Tools.tbx\CalculateField" Date="20180129" Time="093411">CalculateField Statewide_Prec_2017_Census PRECNAME "[PRECNAME]&amp;" "&amp; [PRECCODE]" VB #</Process><Process ToolSource="c:\program files (x86)\arcgis\desktop10.5\ArcToolbox\Toolboxes\Data Management Tools.tbx\CalculateField" Date="20180129" Time="093502">CalculateField Statewide_Prec_2017_Census LSAD "V2" VB #</Process><Process ToolSource="c:\program files (x86)\arcgis\desktop10.5\ArcToolbox\Toolboxes\Data Management Tools.tbx\CalculateField" Date="20180129" Time="093731">CalculateField Statewide_Prec_2017_Census LSAD "V2" VB #</Process><Process ToolSource="c:\program files (x86)\arcgis\desktop10.5\ArcToolbox\Toolboxes\Data Management Tools.tbx\CalculateField" Date="20180129" Time="093845">CalculateField Statewide_Prec_2017_Census PRECNAME UCASE( [PRECNAME]) VB #</Process><Process ToolSource="c:\program files (x86)\arcgis\desktop10.5\ArcToolbox\Toolboxes\Data Management Tools.tbx\CalculateField" Date="20180129" Time="121017">CalculateField Statewide_Prec_2017_Census LSAD "V2" VB #</Process><Process ToolSource="c:\program files (x86)\arcgis\desktop10.5\ArcToolbox\Toolboxes\Data Management Tools.tbx\CalculateField" Date="20180129" Time="121032">CalculateField Statewide_Prec_2017_Census LSAD "V2" VB #</Process><Process ToolSource="c:\program files (x86)\arcgis\desktop10.5\ArcToolbox\Toolboxes\Data Management Tools.tbx\CalculateField" Date="20180129" Time="121054">CalculateField Statewide_Prec_2017_Census LSAD "V2" VB #</Process><Process ToolSource="c:\program files (x86)\arcgis\desktop10.5\ArcToolbox\Toolboxes\Data Management Tools.tbx\CalculateField" Date="20180129" Time="121142">CalculateField Statewide_Prec_2017_Census LSAD "V2" VB #</Process><Process ToolSource="c:\program files (x86)\arcgis\desktop10.5\ArcToolbox\Toolboxes\Data Management Tools.tbx\CalculateField" Date="20180129" Time="121159">CalculateField Statewide_Prec_2017_Census LSAD "V2" VB #</Process><Process ToolSource="c:\program files (x86)\arcgis\desktop10.5\ArcToolbox\Toolboxes\Data Management Tools.tbx\CalculateField" Date="20180129" Time="121218">CalculateField Statewide_Prec_2017_Census LSAD "V2" VB #</Process><Process ToolSource="c:\program files (x86)\arcgis\desktop10.5\ArcToolbox\Toolboxes\Data Management Tools.tbx\CalculateField" Date="20180129" Time="121353">CalculateField Statewide_Prec_2017_Census LSAD "V2" VB #</Process><Process ToolSource="c:\program files (x86)\arcgis\desktop10.5\ArcToolbox\Toolboxes\Data Management Tools.tbx\CalculateField" Date="20180129" Time="121456">CalculateField Statewide_Prec_2017_Census LSAD "V1" VB #</Process><Process ToolSource="c:\program files (x86)\arcgis\desktop10.5\ArcToolbox\Toolboxes\Data Management Tools.tbx\CalculateField" Date="20180129" Time="173825">CalculateField Statewide_Prec_2017_Census LSAD "V1" VB #</Process><Process ToolSource="c:\program files (x86)\arcgis\desktop10.5\ArcToolbox\Toolboxes\Data Management Tools.tbx\CalculateField" Date="20180129" Time="174819">CalculateField Statewide_Prec_2017_Census VTD_FIPS "00"&amp;RIGHT( [PRECCODE],4) VB #</Process><Process ToolSource="c:\program files (x86)\arcgis\desktop10.6\ArcToolbox\Toolboxes\Data Management Tools.tbx\AddField" Date="20181213" Time="090513">AddField FAKESTITCH12122018REST CountyFull TEXT # # 30 # NULLABLE NON_REQUIRED #</Process><Process ToolSource="c:\program files (x86)\arcgis\desktop10.6\ArcToolbox\Toolboxes\Data Management Tools.tbx\AddField" Date="20181213" Time="103058">AddField FAKESTITCH12122018REST CountyFull TEXT # # 30 # NULLABLE NON_REQUIRED #</Process><Process ToolSource="c:\program files (x86)\arcgis\desktop10.6\ArcToolbox\Toolboxes\Data Management Tools.tbx\CalculateField" Date="20181214" Time="101651">CalculateField FAKESTITCH12122018REST CountyFull [COUNTYCODE] VB #</Process><Process ToolSource="c:\program files (x86)\arcgis\desktop10.6\ArcToolbox\Toolboxes\Data Management Tools.tbx\CalculateField" Date="20181214" Time="101701">CalculateField FAKESTITCH12122018REST PrecFull [PRECCODE] VB #</Process><Process ToolSource="c:\program files (x86)\arcgis\desktop10.6\ArcToolbox\Toolboxes\Data Management Tools.tbx\CalculateField" Date="20181214" Time="103222">CalculateField FAKESTITCH12122018REST PrecAll "[CountyFull]+ [PrecFull]+"."+[SplitFull]" VB #</Process><Process ToolSource="c:\program files (x86)\arcgis\desktop10.6\ArcToolbox\Toolboxes\Data Management Tools.tbx\Project" Date="20181217" Time="101024">Project FAKESTITCH12122018REST R:\GIS_Data\Updated_Precincts\2018\FAKESTITCH12122018REST-PROJECT.shp GEOGCS['GCS_WGS_1984',DATUM['D_WGS_1984',SPHEROID['WGS_1984',6378137.0,298.257223563]],PRIMEM['Greenwich',0.0],UNIT['Degree',0.0174532925199433]] WGS_1984_(ITRF00)_To_NAD_1983 GEOGCS['GCS_North_American_1983',DATUM['D_North_American_1983',SPHEROID['GRS_1980',6378137.0,298.257222101]],PRIMEM['Greenwich',0.0],UNIT['Degree',0.0174532925199433]] NO_PRESERVE_SHAPE # NO_VERTICAL</Process><Process ToolSource="c:\program files (x86)\arcgis\desktop10.6\ArcToolbox\Toolboxes\Data Management Tools.tbx\Merge" Date="20181217" Time="102930">Merge FAKESTITCH12122018REST-PROJECT;KlickitatWGS84-2;WallaWallaWGS84-2;SnohomishWGS84-2;CowlitzWGS84;YakimaWGS84-2;WhatcomWGS84-2;BellinghamWGS84-2;ThurstonWGS84-2;STEVENSWGS84-2;SpokaneWGS84-2;SkagitWGS84;PierceWGS84-2;MasonStateWGS84-2;LewisWGS84-2;KitsapWGS84-2;Voting_Districts_of_King_County__votdst_area;JeffersonWGS84-2;IslandWGS84-2;GraysHarborWGS84-2;GrantWGS84-2;FranklinWGS84-2;FerryWGS84-2;DouglasWGS84-2;ClarkWGS84-2;ClallamWGS84;ChelanWGS84-2;BentonWGS84-2;AsotinWGS84-2 R:\GIS_Data\Updated_Precincts\2018\FakeStick1217NdAttr2.shp "CountyFull "CountyFull" true true false 30 Text 0 0 ,First,#,FAKESTITCH12122018REST-PROJECT,CountyFull,-1,-1;PrecFull "PrecFull" true true false 30 Text 0 0 ,First,#,FAKESTITCH12122018REST-PROJECT,PrecFull,-1,-1;SplitFull "SplitFull" true true false 30 Text 0 0 ,First,#,FAKESTITCH12122018REST-PROJECT,SplitFull,-1,-1;PrecAll "PrecAll" true true false 30 Text 0 0 ,First,#,FAKESTITCH12122018REST-PROJECT,PrecAll,-1,-1;PRECINCT "PRECINCT" true true false 254 Text 0 0 ,First,#,KlickitatWGS84-2,PRECINCT,-1,-1,WallaWallaWGS84-2,PRECINCT,-1,-1,SnohomishWGS84-2,PRECINCT,-1,-1,SkagitWGS84,PRECINCT,-1,-1,PierceWGS84-2,PRECINCT,-1,-1,LewisWGS84-2,PRECINCT,-1,-1,DouglasWGS84-2,PRECINCT,-1,-1,ClarkWGS84-2,PRECINCT,-1,-1,ChelanWGS84-2,PRECINCT,-1,-1;CountyCd "CountyCd" true true false 25 Text 0 0 ,First,#,KlickitatWGS84-2,CountyCd,-1,-1,WallaWallaWGS84-2,CountyCd,-1,-1,SnohomishWGS84-2,CountyCd,-1,-1,CowlitzWGS84,CountyCd,-1,-1,YakimaWGS84-2,CountyCd,-1,-1,WhatcomWGS84-2,CountyCd,-1,-1,BellinghamWGS84-2,CountyCd,-1,-1,ThurstonWGS84-2,CountyCd,-1,-1,STEVENSWGS84-2,CountyCd,-1,-1,SpokaneWGS84-2,CountyCd,-1,-1,SkagitWGS84,CountyCd,-1,-1,PierceWGS84-2,CountyCd,-1,-1,MasonStateWGS84-2,CountyCd,-1,-1,LewisWGS84-2,CountyCd,-1,-1,KitsapWGS84-2,CountyCd,-1,-1,Voting_Districts_of_King_County__votdst_area,CountyCd,-1,-1,JeffersonWGS84-2,CountyCd,-1,-1,IslandWGS84-2,CountyCd,-1,-1,GraysHarborWGS84-2,CountyCd,-1,-1,GrantWGS84-2,CountyCd,-1,-1,FranklinWGS84-2,CountyCd,-1,-1,FerryWGS84-2,CountyCd,-1,-1,DouglasWGS84-2,CountyCd,-1,-1,ClarkWGS84-2,CountyCd,-1,-1,ClallamWGS84,CountyCd,-1,-1,ChelanWGS84-2,CountyCd,-1,-1,BentonWGS84-2,CountyCd,-1,-1,AsotinWGS84-2,CountyCd,-1,-1;PrcCode "PrcCode" true true false 25 Text 0 0 ,First,#,KlickitatWGS84-2,PrcCode,-1,-1,WallaWallaWGS84-2,PrcCode,-1,-1,SnohomishWGS84-2,PrcCode,-1,-1,CowlitzWGS84,PrcCode,-1,-1,YakimaWGS84-2,PrcCode,-1,-1,WhatcomWGS84-2,PrcCode,-1,-1,BellinghamWGS84-2,PrcCode,-1,-1,ThurstonWGS84-2,PrcCode,-1,-1,STEVENSWGS84-2,PrcCode,-1,-1,SpokaneWGS84-2,PrcCode,-1,-1,SkagitWGS84,PrcCode,-1,-1,PierceWGS84-2,PrcCode,-1,-1,MasonStateWGS84-2,PrcCode,-1,-1,LewisWGS84-2,PrcCode,-1,-1,KitsapWGS84-2,PrcCode,-1,-1,Voting_Districts_of_King_County__votdst_area,PrcCode,-1,-1,JeffersonWGS84-2,PrcCode,-1,-1,IslandWGS84-2,PrcCode,-1,-1,GraysHarborWGS84-2,PrcCode,-1,-1,GrantWGS84-2,PrcCode,-1,-1,FranklinWGS84-2,PrcCode,-1,-1,FerryWGS84-2,PrcCode,-1,-1,DouglasWGS84-2,PrcCode,-1,-1,ClarkWGS84-2,PrcCode,-1,-1,ClallamWGS84,PrcCode,-1,-1,ChelanWGS84-2,PrcCode,-1,-1,BentonWGS84-2,PrcCode,-1,-1,AsotinWGS84-2,PrcCode,-1,-1;SplitCode "SplitCode" true true false 25 Text 0 0 ,First,#,KlickitatWGS84-2,SplitCode,-1,-1,WallaWallaWGS84-2,SplitCode,-1,-1,SnohomishWGS84-2,SplitCode,-1,-1,CowlitzWGS84,SplitCode,-1,-1,YakimaWGS84-2,SplitCode,-1,-1,WhatcomWGS84-2,SplitCode,-1,-1,BellinghamWGS84-2,SplitCode,-1,-1,ThurstonWGS84-2,SplitCode,-1,-1,STEVENSWGS84-2,SplitCode,-1,-1,SpokaneWGS84-2,SplitCode,-1,-1,SkagitWGS84,SplitCode,-1,-1,PierceWGS84-2,SplitCode,-1,-1,MasonStateWGS84-2,SplitCode,-1,-1,LewisWGS84-2,SplitCode,-1,-1,KitsapWGS84-2,SplitCode,-1,-1,Voting_Districts_of_King_County__votdst_area,SplitCode,-1,-1,JeffersonWGS84-2,SplitCode,-1,-1,IslandWGS84-2,SplitCode,-1,-1,GraysHarborWGS84-2,SplitCode,-1,-1,GrantWGS84-2,SplitCode,-1,-1,FranklinWGS84-2,SplitCode,-1,-1,FerryWGS84-2,SplitCode,-1,-1,DouglasWGS84-2,SplitCode,-1,-1,ClarkWGS84-2,SplitCode,-1,-1,ClallamWGS84,SplitCode,-1,-1,ChelanWGS84-2,SplitCode,-1,-1,BentonWGS84-2,SplitCode,-1,-1,AsotinWGS84-2,SplitCode,-1,-1;FullCode "FullCode" true true false 25 Text 0 0 ,First,#,KlickitatWGS84-2,FullCode,-1,-1,WallaWallaWGS84-2,FullCode,-1,-1,SnohomishWGS84-2,FullCode,-1,-1,CowlitzWGS84,FullCode,-1,-1,YakimaWGS84-2,FullCode,-1,-1,WhatcomWGS84-2,FullCode,-1,-1,BellinghamWGS84-2,FullCode,-1,-1,ThurstonWGS84-2,FullCode,-1,-1,STEVENSWGS84-2,FullCode,-1,-1,SpokaneWGS84-2,FullCode,-1,-1,SkagitWGS84,FullCode,-1,-1,PierceWGS84-2,FullCode,-1,-1,MasonStateWGS84-2,FullCode,-1,-1,LewisWGS84-2,FullCode,-1,-1,KitsapWGS84-2,FullCode,-1,-1,Voting_Districts_of_King_County__votdst_area,FullCode,-1,-1,JeffersonWGS84-2,FullCode,-1,-1,IslandWGS84-2,FullCode,-1,-1,GraysHarborWGS84-2,FullCode,-1,-1,GrantWGS84-2,FullCode,-1,-1,FranklinWGS84-2,FullCode,-1,-1,FerryWGS84-2,FullCode,-1,-1,DouglasWGS84-2,FullCode,-1,-1,ClarkWGS84-2,FullCode,-1,-1,ClallamWGS84,FullCode,-1,-1,ChelanWGS84-2,FullCode,-1,-1,BentonWGS84-2,FullCode,-1,-1,AsotinWGS84-2,FullCode,-1,-1"</Process><Process ToolSource="c:\program files (x86)\arcgis\desktop10.6\ArcToolbox\Toolboxes\Data Management Tools.tbx\CalculateField" Date="20181217" Time="103710">CalculateField FakeStick1217NdAttr2 CountyCd [CountyFull] VB #</Process><Process ToolSource="c:\program files (x86)\arcgis\desktop10.6\ArcToolbox\Toolboxes\Data Management Tools.tbx\CalculateField" Date="20181217" Time="103721">CalculateField FakeStick1217NdAttr2 PrcCode [SplitFull] VB #</Process><Process ToolSource="c:\program files (x86)\arcgis\desktop10.6\ArcToolbox\Toolboxes\Data Management Tools.tbx\CalculateField" Date="20181217" Time="103732">CalculateField FakeStick1217NdAttr2 PrcCode [PrecFull] VB #</Process><Process ToolSource="c:\program files (x86)\arcgis\desktop10.6\ArcToolbox\Toolboxes\Data Management Tools.tbx\CalculateField" Date="20181217" Time="103738">CalculateField FakeStick1217NdAttr2 SplitCode [SplitFull] VB #</Process><Process ToolSource="c:\program files (x86)\arcgis\desktop10.6\ArcToolbox\Toolboxes\Data Management Tools.tbx\CalculateField" Date="20181217" Time="103743">CalculateField FakeStick1217NdAttr2 SplitCode [SplitFull] VB #</Process><Process ToolSource="c:\program files (x86)\arcgis\desktop10.6\ArcToolbox\Toolboxes\Data Management Tools.tbx\CalculateField" Date="20181217" Time="103755">CalculateField FakeStick1217NdAttr2 FullCode [PrecAll] VB #</Process><Process ToolSource="c:\program files (x86)\arcgis\desktop10.6\ArcToolbox\Toolboxes\Data Management Tools.tbx\Merge" Date="20181217" Time="103949">Merge FakeStick1217NdAttr2;SkamaniaWGS84-2 R:\GIS_Data\Updated_Precincts\2018\2018EndOfYearPrecinct2.shp "CountyCd "CountyCd" true true false 25 Text 0 0 ,First,#,FakeStick1217NdAttr2,CountyCd,-1,-1,SkamaniaWGS84-2,CountyCd,-1,-1;PrcCode "PrcCode" true true false 25 Text 0 0 ,First,#,FakeStick1217NdAttr2,PrcCode,-1,-1,SkamaniaWGS84-2,PrcCode,-1,-1;SplitCode "SplitCode" true true false 25 Text 0 0 ,First,#,FakeStick1217NdAttr2,SplitCode,-1,-1,SkamaniaWGS84-2,SplitCode,-1,-1;FullCode "FullCode" true true false 25 Text 0 0 ,First,#,FakeStick1217NdAttr2,FullCode,-1,-1,SkamaniaWGS84-2,FullCode,-1,-1"</Process><Process ToolSource="c:\program files (x86)\arcgis\desktop10.6\ArcToolbox\Toolboxes\Data Management Tools.tbx\CalculateField" Date="20181218" Time="122953">CalculateField 2018Precincts_PRELIM FullPrc [CountyCd]&amp;RIGHT("00000000"&amp; [PrcCode],8) VB #</Process><Process ToolSource="c:\program files (x86)\arcgis\desktop10.6\ArcToolbox\Toolboxes\Data Management Tools.tbx\CalculateField" Date="20181218" Time="123048">CalculateField 2018Precincts_PRELIM FullPrc [CountyCd]&amp;RIGHT("00000000"&amp; REPLACE([PrcCode],"-",""),8) VB #</Process><Process ToolSource="c:\program files (x86)\arcgis\desktop10.6\ArcToolbox\Toolboxes\Data Management Tools.tbx\CalculateField" Date="20181221" Time="164147">CalculateField 2018Precincts_Splits_PRELIM FullCode "[CountyCd]&amp; [PrcCode]&amp;"."&amp; [SplitCode]" VB #</Process><Process ToolSource="c:\program files (x86)\arcgis\desktop10.6\ArcToolbox\Toolboxes\Data Management Tools.tbx\CalculateField" Date="20181221" Time="164233">CalculateField 2018Precincts_Splits_PRELIM FullPrc "[CountyCd]&amp; RIGHT("00000000"&amp; [PrcCode],8)" VB #</Process><Process ToolSource="c:\program files (x86)\arcgis\desktop10.6\ArcToolbox\Toolboxes\Data Management Tools.tbx\Dissolve" Date="20181221" Time="171204">Dissolve F:\GIS_Data\Precincts\2018_Statewide\2018Precincts_Splits_PRELIM.shp F:\GIS_Data\Precincts\2018_Statewide\2018Precincts_PRELIM.shp CountyCd;PrcCode;FullPrc # MULTI_PART DISSOLVE_LINES</Process></lineage><copyHistory><copy source="F:\GIS_Data\Precincts\2018_Statewide\2018Precincts_PRELIM" dest="\\IT1422\F$\GIS_Data\Precincts\2018_Statewide\2018Precincts_PRELIMCopy" date="20181227" time="08512300"></copy></copyHistory></DataProperties><SyncDate>20181221</SyncDate><SyncTime>17115900</SyncTime><ModDate>20181221</ModDate><ModTime>17115900</ModTime></Esri><dataIdInfo><envirDesc Sync="TRUE"> Version 6.2 (Build 9200) ; Esri ArcGIS 10.6.1.9270</envirDesc><dataLang><languageCode value="eng" Sync="TRUE"></languageCode><countryCode value="USA" Sync="TRUE"></countryCode></dataLang><idCitation><resTitle Sync="TRUE">2018Precincts_PRELIM</resTitle><presForm><PresFormCd value="005" Sync="TRUE"></PresFormCd></presForm></idCitation><spatRpType><SpatRepTypCd value="001" Sync="TRUE"></SpatRepTypCd></spatRpType></dataIdInfo><mdLang><languageCode value="eng" Sync="TRUE"></languageCode><countryCode value="USA" Sync="TRUE"></countryCode></mdLang><mdChar><CharSetCd value="004" Sync="TRUE"></CharSetCd></mdChar><distInfo><distFormat><formatName Sync="TRUE">Shapefile</formatName></distFormat><distTranOps><transSize Sync="TRUE">0.000</transSize></distTranOps></distInfo><mdHrLv><ScopeCd value="005" Sync="TRUE"></ScopeCd></mdHrLv><mdHrLvName Sync="TRUE">dataset</mdHrLvName><refSysInfo><RefSystem><refSysID><identCode code="4326" Sync="TRUE"></identCode><idCodeSpace Sync="TRUE">EPSG</idCodeSpace><idVersion Sync="TRUE">6.14(3.0.1)</idVersion></refSysID></RefSystem></refSysInfo><spatRepInfo><VectSpatRep><geometObjs Name="2018Precincts_PRELIM"><geoObjTyp><GeoObjTypCd value="002" Sync="TRUE"></GeoObjTypCd></geoObjTyp><geoObjCnt Sync="TRUE">0</geoObjCnt></geometObjs><topLvl><TopoLevCd value="001" Sync="TRUE"></TopoLevCd></topLvl></VectSpatRep></spatRepInfo><spdoinfo><ptvctinf><esriterm Name="2018Precincts_PRELIM"><efeatyp Sync="TRUE">Simple</efeatyp><efeageom code="4" Sync="TRUE"></efeageom><esritopo Sync="TRUE">FALSE</esritopo><efeacnt Sync="TRUE">0</efeacnt><spindex Sync="TRUE">FALSE</spindex><linrefer Sync="TRUE">FALSE</linrefer></esriterm></ptvctinf></spdoinfo><eainfo><detailed Name="2018Precincts_PRELIM"><enttyp><enttypl Sync="TRUE">2018Precincts_PRELIM</enttypl><enttypt Sync="TRUE">Feature Class</enttypt><enttypc Sync="TRUE">0</enttypc></enttyp><attr><attrlabl Sync="TRUE">FID</attrlabl><attalias Sync="TRUE">FID</attalias><attrtype Sync="TRUE">OID</attrtype><attwidth Sync="TRUE">4</attwidth><atprecis Sync="TRUE">0</atprecis><attscale Sync="TRUE">0</attscale><attrdef Sync="TRUE">Internal feature number.</attrdef><attrdefs Sync="TRUE">Esri</attrdefs><attrdomv><udom Sync="TRUE">Sequential unique whole numbers that are automatically generated.</udom></attrdomv></attr><attr><attrlabl Sync="TRUE">Shape</attrlabl><attalias Sync="TRUE">Shape</attalias><attrtype Sync="TRUE">Geometry</attrtype><attwidth Sync="TRUE">0</attwidth><atprecis Sync="TRUE">0</atprecis><attscale Sync="TRUE">0</attscale><attrdef Sync="TRUE">Feature geometry.</attrdef><attrdefs Sync="TRUE">Esri</attrdefs><attrdomv><udom Sync="TRUE">Coordinates defining the features.</udom></attrdomv></attr><attr><attrlabl Sync="TRUE">CountyCd</attrlabl><attalias Sync="TRUE">CountyCd</attalias><attrtype Sync="TRUE">String</attrtype><attwidth Sync="TRUE">25</attwidth><atprecis Sync="TRUE">0</atprecis><attscale Sync="TRUE">0</attscale></attr><attr><attrlabl Sync="TRUE">PrcCode</attrlabl><attalias Sync="TRUE">PrcCode</attalias><attrtype Sync="TRUE">String</attrtype><attwidth Sync="TRUE">25</attwidth><atprecis Sync="TRUE">0</atprecis><attscale Sync="TRUE">0</attscale></attr><attr><attrlabl Sync="TRUE">FullPrc</attrlabl><attalias Sync="TRUE">FullPrc</attalias><attrtype Sync="TRUE">String</attrtype><attwidth Sync="TRUE">10</attwidth><atprecis Sync="TRUE">0</atprecis><attscale Sync="TRUE">0</attscale></attr></detailed></eainfo><mdDateSt Sync="TRUE">20181221</mdDateSt></metadata>
